{"id":21,"key":"0021","audioId":"0021-M-cmn-CN-Chirp3-HD-Sadaltager","sr":16000,"duration":1.824,"hopMs":4,"windowMs":100,"featureType":"f0Log","featureDim":1,"features":[[null],[null],[null],[null],[null],[null],[null],[null],[null],[null],[null],[null],[null],[null],[null],[null],[null],[null],[null],[null],[null],[null],[null],[null],[null],[null],[null],[null],[null],[null],[null],[null],[null],[null],[null],[null],[null],[null],[null],[null],[null],[null],[null],[null],[null],[null],[null],[null],[null],[null],[null],[null],[null],[null],[null],[null],[null],[null],[null],[null],[null],[null],[null],[null],[null],[null],[null],[null],[null],[null],[null],[null],[null],[null],[null],[null],[null],[null],[null],[null],[null],[null],[null],[null],[null],[null],[null],[null],[null],[null],[null],[null],[null],[null],[null],[null],[null],[null],[null],[null],[null],[null],[null],[null],[5.0456150129922825],[5.0169049071098515],[4.767689115485866],[4.775069222783489],[4.760363075393793],[4.767689115485866],[4.782504201271007],[4.782504201271007],[4.789994873000165],[4.789994873000165],[4.797542078635548],[4.797542078635548],[4.805146678020767],[4.797542078635548],[4.805146678020767],[4.797542078635548],[4.797542078635548],[4.797542078635548],[4.797542078635548],[4.797542078635548],[4.797542078635548],[4.797542078635548],[4.789994873000165],[4.789994873000165],[4.789994873000165],[4.789994873000165],[4.789994873000165],[4.789994873000165],[4.789994873000165],[4.789994873000165],[4.782504201271007],[4.782504201271007],[4.782504201271007],[4.782504201271007],[4.782504201271007],[4.782504201271007],[4.775069222783489],[4.775069222783489],[4.775069222783489],[4.775069222783489],[4.767689115485866],[4.767689115485866],[4.767689115485866],[4.767689115485866],[4.760363075393793],[4.760363075393793],[4.753090316064713],[4.745870068091227],[4.745870068091227],[4.745870068091227],[4.745870068091227],[4.745870068091227],[4.745870068091227],[4.745870068091227],[4.745870068091227],[4.745870068091227],[4.745870068091227],[4.745870068091227],[4.745870068091227],[4.630487993972381],[4.630487993972381],[5.691359954657644],[5.691359954657644],[5.691359954657644],[5.691359954657644],[5.691359954657644],[5.691359954657644],[5.403677882205863],[5.403677882205863],[5.403677882205863],[5.403677882205863],[5.323635174532327],[5.323635174532327],[5.323635174532327],[5.323635174532327],[5.323635174532327],[5.310896148754897],[5.310896148754897],[5.310896148754897],[5.310896148754897],[5.310896148754897],[5.310896148754897],[5.298317366548036],[5.298317366548036],[5.298317366548036],[5.298317366548036],[5.298317366548036],[5.285894846549479],[5.285894846549479],[5.285894846549479],[5.285894846549479],[5.285894846549479],[5.273624753957665],[5.273624753957665],[5.273624753957665],[5.26150339342532],[5.26150339342532],[5.249527202378605],[5.249527202378605],[5.237692744731602],[5.22599670496841],[5.214435882567335],[5.214435882567335],[5.191707631489779],[5.2030071867437115],[5.2030071867437115],[5.2030071867437115],[5.2030071867437115],[5.214435882567335],[5.214435882567335],[4.277666619349639],[4.277666619349639],[4.277666619349639],[5.768320995793772],[5.768320995793772],[5.768320995793772],[5.768320995793772],[5.768320995793772],[5.768320995793772],[5.768320995793772],[5.768320995793772],[5.768320995793772],[5.768320995793772],[5.768320995793772],[5.768320995793772],[5.768320995793772],[5.768320995793772],[5.768320995793772],[5.768320995793772],[5.768320995793772],[5.768320995793772],[5.768320995793772],[4.598939636237455],[4.598939636237455],[4.598939636237455],[4.605170185988092],[4.605170185988092],[4.605170185988092],[4.611439799001687],[4.611439799001687],[4.611439799001687],[4.6177489681949515],[4.6177489681949515],[4.605170185988092],[4.605170185988092],[4.605170185988092],[4.598939636237455],[4.598939636237455],[4.592747665989534],[4.592747665989534],[4.592747665989534],[4.586593800415156],[4.586593800415156],[4.586593800415156],[4.58047757339772],[4.58047757339772],[4.568356212865375],[4.568356212865375],[4.562350188805163],[4.562350188805163],[4.562350188805163],[4.562350188805163],[4.562350188805163],[4.562350188805163],[4.562350188805163],[4.805146678020767],[4.805146678020767],[4.449235384367332],[4.487387150331708],[4.487387150331708],[4.487387150331708],[4.487387150331708],[4.487387150331708],[4.487387150331708],[4.487387150331708],[4.487387150331708],[4.487387150331708],[4.487387150331708],[4.487387150331708],[4.487387150331708],[4.487387150331708],[4.643391398808289],[4.487387150331708],[4.487387150331708],[5.249527202378605],[5.249527202378605],[5.191707631489779],[5.191707631489779],[5.2030071867437115],[5.2030071867437115],[5.2030071867437115],[5.2030071867437115],[5.2030071867437115],[5.2030071867437115],[5.2030071867437115],[5.2030071867437115],[5.191707631489779],[5.191707631489779],[5.191707631489779],[5.191707631489779],[5.191707631489779],[5.191707631489779],[5.191707631489779],[5.191707631489779],[5.191707631489779],[5.191707631489779],[5.191707631489779],[5.191707631489779],[5.191707631489779],[5.191707631489779],[5.191707631489779],[5.191707631489779],[5.191707631489779],[5.191707631489779],[5.191707631489779],[5.191707631489779],[5.191707631489779],[5.191707631489779],[5.191707631489779],[5.191707631489779],[5.191707631489779],[5.2030071867437115],[5.2030071867437115],[5.2030071867437115],[5.2030071867437115],[5.2030071867437115],[5.191707631489779],[5.191707631489779],[5.180534330891653],[5.180534330891653],[5.180534330891653],[5.180534330891653],[5.169484494705069],[5.169484494705069],[5.169484494705069],[5.169484494705069],[5.169484494705069],[5.169484494705069],[5.169484494705069],[5.169484494705069],[5.169484494705069],[5.169484494705069],[5.158555424172878],[5.158555424172878],[5.158555424172878],[5.158555424172878],[5.158555424172878],[5.158555424172878],[5.158555424172878],[5.158555424172878],[5.158555424172878],[5.158555424172878],[5.147744508068662],[5.147744508068662],[5.147744508068662],[5.147744508068662],[5.147744508068662],[5.147744508068662],[5.147744508068662],[5.147744508068662],[5.147744508068662],[5.147744508068662],[5.147744508068662],[5.147744508068662],[5.147744508068662],[5.147744508068662],[5.147744508068662],[5.147744508068662],[5.147744508068662],[5.147744508068662],[5.147744508068662],[5.147744508068662],[5.147744508068662],[5.147744508068662],[5.147744508068662],[5.147744508068662],[5.147744508068662],[5.147744508068662],[5.147744508068662],[5.147744508068662],[5.147744508068662],[5.147744508068662],[5.147744508068662],[5.147744508068662],[5.137049218951915],[5.137049218951915],[5.137049218951915],[null],[null],[null],[null],[null],[null],[null],[null],[null],[null],[null],[null],[null],[null],[null],[null],[null],[null],[null],[null],[null],[null],[null],[null],[null],[null],[null],[null],[null],[null],[null],[null],[null],[null],[null],[null],[null],[null],[null],[null],[null]],