{"id":80,"key":"0080","audioId":"0080-M-cmn-CN-Chirp3-HD-Fenrir","sr":16000,"duration":1.344,"hopMs":4,"windowMs":100,"featureType":"f0Log","featureDim":1,"features":[[null],[null],[null],[null],[null],[null],[null],[null],[null],[null],[null],[null],[5.336538579368234],[5.310896148754897],[5.249527202378605],[5.214435882567335],[5.214435882567335],[5.2030071867437115],[5.2030071867437115],[5.2030071867437115],[5.2030071867437115],[5.2030071867437115],[5.2030071867437115],[5.2030071867437115],[5.2030071867437115],[5.2030071867437115],[5.2030071867437115],[5.2030071867437115],[5.2030071867437115],[5.2030071867437115],[5.2030071867437115],[5.2030071867437115],[5.2030071867437115],[5.2030071867437115],[5.2030071867437115],[5.2030071867437115],[5.2030071867437115],[5.2030071867437115],[5.2030071867437115],[5.2030071867437115],[5.2030071867437115],[5.2030071867437115],[5.2030071867437115],[5.2030071867437115],[5.2030071867437115],[5.2030071867437115],[5.2030071867437115],[5.2030071867437115],[5.2030071867437115],[5.2030071867437115],[5.2030071867437115],[5.2030071867437115],[5.2030071867437115],[5.2030071867437115],[5.2030071867437115],[5.2030071867437115],[5.2030071867437115],[5.2030071867437115],[5.191707631489779],[5.191707631489779],[5.191707631489779],[5.191707631489779],[5.191707631489779],[5.191707631489779],[5.2030071867437115],[5.214435882567335],[5.249527202378605],[5.26150339342532],[5.273624753957665],[5.285894846549479],[5.285894846549479],[5.298317366548036],[5.298317366548036],[5.298317366548036],[5.298317366548036],[5.298317366548036],[5.285894846549479],[5.285894846549479],[5.285894846549479],[5.285894846549479],[5.285894846549479],[5.285894846549479],[5.285894846549479],[5.285894846549479],[5.285894846549479],[5.285894846549479],[5.285894846549479],[5.285894846549479],[5.285894846549479],[5.285894846549479],[5.285894846549479],[5.273624753957665],[5.273624753957665],[5.273624753957665],[5.273624753957665],[5.273624753957665],[5.273624753957665],[5.273624753957665],[5.273624753957665],[5.273624753957665],[5.273624753957665],[5.273624753957665],[5.273624753957665],[5.273624753957665],[5.273624753957665],[5.26150339342532],[5.26150339342532],[5.26150339342532],[5.26150339342532],[5.26150339342532],[5.26150339342532],[5.26150339342532],[5.26150339342532],[5.26150339342532],[5.249527202378605],[5.249527202378605],[5.237692744731602],[5.237692744731602],[5.237692744731602],[5.22599670496841],[5.214435882567335],[5.191707631489779],[5.191707631489779],[5.169484494705069],[5.158555424172878],[5.158555424172878],[5.0456150129922825],[5.158555424172878],[5.169484494705069],[5.180534330891653],[5.126467109621378],[5.035953102080546],[5.007515166760012],[5.007515166760012],[4.9982127740976985],[4.9982127740976985],[4.988996118992775],[4.988996118992775],[4.979863635429502],[4.9708137999095845],[4.9708137999095845],[4.988996118992775],[4.9708137999095845],[4.988996118992775],[4.8205315968602465],[4.789994873000165],[4.789994873000165],[4.767689115485866],[4.767689115485866],[4.753090316064713],[4.753090316064713],[4.753090316064713],[4.745870068091227],[4.738701578612614],[4.73158411084375],[4.73158411084375],[4.717499370962011],[4.710530701645918],[4.710530701645918],[4.703610258801344],[4.703610258801344],[4.689911414443182],[4.689911414443182],[4.683131727457804],[4.683131727457804],[4.676397695276459],[4.669708707125663],[4.669708707125663],[4.663064164406994],[4.663064164406994],[4.649906079829483],[4.649906079829483],[4.649906079829483],[4.649906079829483],[4.649906079829483],[4.649906079829483],[4.649906079829483],[4.649906079829483],[4.649906079829483],[4.649906079829483],[4.656463480375642],[4.663064164406994],[4.669708707125663],[4.669708707125663],[4.676397695276459],[4.683131727457804],[4.689911414443182],[4.703610258801344],[4.710530701645918],[4.717499370962011],[4.7245169436206575],[4.73158411084375],[4.73158411084375],[4.745870068091227],[4.775069222783489],[4.782504201271007],[4.805146678020767],[5.0456150129922825],[5.0456150129922825],[5.0456150129922825],[5.055371187937647],[5.055371187937647],[5.055371187937647],[5.065223484380659],[5.065223484380659],[5.065223484380659],[5.065223484380659],[5.065223484380659],[5.065223484380659],[5.065223484380659],[5.065223484380659],[5.065223484380659],[5.075173815233827],[5.075173815233827],[5.075173815233827],[5.075173815233827],[5.075173815233827],[5.075173815233827],[5.075173815233827],[5.075173815233827],[5.085224151087329],[5.085224151087329],[5.085224151087329],[5.095376522551346],[5.095376522551346],[5.105633022718536],[5.105633022718536],[5.105633022718536],[5.105633022718536],[5.105633022718536],[5.105633022718536],[5.085224151087329],[5.085224151087329],[5.085224151087329],[5.075173815233827],[5.0169049071098515],[5.0169049071098515],[4.952956182509578],[4.901220508110389],[4.901220508110389],[4.852030263919617],[4.852030263919617],[4.84406209427044],[4.84406209427044],[4.797542078635548],[4.789994873000165],[4.789994873000165],[4.775069222783489],[4.775069222783489],[4.767689115485866],[4.73158411084375],[4.669708707125663],[4.630487993972381],[4.55638002181866],[4.562350188805163],[4.562350188805163],[4.521288702007389],[4.515558027298404],[4.509860006183766],[4.50419426864809],[4.498560450929833],[4.470857848380497],[4.470857848380497],[4.476337314145123],[null],[null],[null],[null],[null],[null],[null],[null],[null],[null],[null],[null],[null],[null],[null],[null],[null],[null],[null],[null],[null],[null],[null],[null],[null],[null],[null],[null],[null],[null],[null],[null],[null],[null],[null],[null],[null],[null],[null],[null],[null],[null],[null],[null],[null],[null],[null],[null]],"times":[0,0.004,0.008,0.012,0.016,0.02,0.024,0.028,0.032,0.036,0.04,0.044,0.048,0.052,0.056,0.06,0.064,0.068,0.072,0.076,0.08,0.084,0.088,0.092,0.096,0.1,0.104,0.108,0.112,0.116,0.12,0.124,0.128,0.132,0.136,0.14,0.144,0.148,0.152,0.156,0.16,0.164,0.168,0.172,0.176,0.18,0.184,0.188,0.192,0.196,0.2,0.204,0.208,0.212,0.216,0.22,0.224,0.228,0.232,0.236,0.24,0.244,0.248,0.252,0.256,0.26,0.264,0.268,0.272,0.276,0.28,0.284,0.288,0.292,0.296,0.3,0.304,0.308,0.312,0.316,0.32,0.324,0.328,0.332,0.336,0.34,0.344,0.348,0.352,0.356,0.36,0.364,0.368,0.372,0.376,0.38,0.384,0.388,0.392,0.396,0.4,0.404,0.408,0.412,0.416,0.42,0.424,0.428,0.432,0.436,0.44,0.444,0.448,0.452,0.456,0.46,0.464,0.468,0.472,0.476,0.48,0.484,0.488,0.492,0.496,0.5,0.504,0.508,0.512,0.516,0.52,0.524,0.528,0.532,0.536,0.54,0.544,0.548,0.552,0.556,0.56,0.564,0.568,0.572,0.576,0.58,0.584,0.588,0.592,0.596,0.6,0.604,0.608,0.612,0.616,0.62,0.624,0.628,0.632,0.636,0.64,0.644,0.648,0.652,0.656,0.66,0.664,0.668,0.672,0.676,0.68,0.684,0.688,0.692,0.696,0.7,0.704,0.708,0.712,0.716,0.72,0.724,0.728,0.732,0.736,0.74,0.744,0.748,0.752,0.756,0.76,0.764,0.768,0.772,0.776,0.78,0.784,0.788,0.792,0.796,0.8,0.804,0.808,0.812,0.816,0.82,0.824,0.828,0.832,0.836,0.84,0.844,0.848,0.852,0.856,0.86,0.864,0.868,0.872,0.876,0.88,0.884,0.888,0.892,0.896,0.9,0.904,0.908,0.912,0.916,0.92,0.924,0.928,0.932,0.936,0.94,0.944,0.948,0.952,0.956,0.96,0.964,0.968,0.972,0.976,0.98,0.984,0.988,0.992,0.996,1,1.004,1.008,1.012,1.016,1.02,1.024,1.028,1.032,1.036,1.04,1.044,1.048,1.052,1.056,1.06,1.064,1.068,1.072,1.076,1.08,1.084,1.088,1.092,1.096,1.1,1.104,1.108,1.112,1.116,1.12,1.124,1.128,1.132,1.136,1.14,1.144,1.148,1.152,1.156,1.16,1.164,1.168,1.172,1.176,1.18,1.184,1.188,1.192,1.196,1.2,1.204,1.208,1.212,1.216,1.22,1.224,1.228,1.232,1.236,1.24,1.244],